Col_1,Col_2,Col_3,Col_4,Col_5,Col_6,Col_7,Col_8,Col_9,Col_10,Col_11,Col_12
tkOVF,GyBjt,rJavI,qQGyw,kTtqj,KeItm,,TdIaV,cTROG,QCRMU,NinKd,LkPxf
BZhbO,csBWo,TgDGE,VGHxo,OJgZX,Wbued,BWawI,snIJa,aSGlw,JvmPE,XzBXt,UfyEZ
JguZJ,lEBRg,MpwoW,hJiRU,sHhOU,Pjkgs,HEESR,qvhkK,bzfJC,GOfmD,qIVAC,PcAuq
iyODu,ZNNLQ,sfvpL,HkZdT,XmEmy,,,rYxLU,kGMGL,jJmVe,fXgAw,
qEApJ,lJQMn,vGdQK,VYWam,HrnwA,,,VZjjF,TDBmb,,luzMX,DdclV
EvDkI,lJJJB,,ljgGa,hpLtl,pXyZK,zYLeX,XSusB,fOOse,aITXm,SdsDN,KpmYU
,MGYwU,CGIfm,iwjQQ,AtPag,BkmZI,gaYKk,lOBBb,ytdyA,UmJrP,HnBDB,vfBKa
lKqFZ,HQpoo,xSzUW,jayCe,bncLZ,dyUhd,OFIiu,lhdiD,BgnIM,SzaSh,DwZtj,uhrON
TfCkj,FvRXC,YkkBA,UKVSh,fXRFw,WSDgI,Xbtcn,sJQxN,nnGDJ,fVLGA,SEHiO,ENWNH
FpwgF,bqvlE,Uahnu,KqNCc,iYfHi,PReFG,LVgqq,eXTJu,GpLJw,oBqyk,bvTpA,lxFBk
NlbQl,EyvFD,vdhbs,,jCVmT,ZYqwl,PqueT,gYlgF,beIvd,hncig,,VkNFc
ABoOK,ouOBt,PgEiG,,gHyfA,tnpwC,mKqoU,amFKQ,zNYym,sfVQo,pFMuX,dDzcO
rriUS,wpmgV,CrYvD,avGEo,XqtfR,NHnPc,VPcwO,lovCm,hIFgf,,ouKWc,ioWoe
ZJInD,WcuYy,dCMDN,nYQYc,ZaJUA,FXYSk,pNsiP,mYbmN,FpoeT,uCsIq,VMPvb,fKOvi
nUKBW,Gdmyz,CnlXh,qHNJS,tJEeC,BOoiR,PlaVZ,UqzDm,nBCQb,LmBlt,,
,,,,zEnfy,QcXUE,WjOXJ,oliSh,,,qGUnO,
ddmjI,BWIox,twzjp,vOVtf,uOqMe,Lzobz,Tankf,KbRWc,fOuOr,LYWvg,ErsCK,ouDVR
jJqTr,XZikG,xnrKL,nPkvl,LmrSV,xIbDA,bvYTc,uuqLt,gJAFM,CCvQk,wxwdS,HbJzb
EIJZo,FlmIz,EMZXM,mJwqQ,RtbTi,pHxbk,IVmys,ROTqG,ocCtd,grRJV,UObNP,hPKAp
OpUJH,IKvNd,WHBnE,uZWui,wjZJd,eonkt,RKIXB,JmSrW,Nckij,Eyipw,sQxTJ,ZCCxW
wjJYL,aJAVL,yyqgG,YsytS,YKvYT,XHYEn,EajqC,,mhWkx,jKmwF,vbAgo,mXTNc
MiVZQ,tYGQF,VDoXo,SDRbO,BTZcc,JCuBT,iCfpu,zXhZp,yqgdT,GZXGD,tCgea,RgsXD
kGHXF,zUAul,Lajni,kaLSI,qJSOx,ETYjm,nVcnH,zqvKm,,dcEBz,TKhMQ,BnuZE
Bfejq,bLhlj,PUwGm,DvrWw,YERWr,pjCEq,SfPXk,hvfOJ,RZUjY,RCxhq,,CJpZX
SYORS,NMtUi,vBeCx,QDocy,QLZVu,mTLVE,dKsoW,atjZE,zAeig,gdFEh,YUIty,EzbKs
gidgo,sPPOG,JBkdW,,DOrDx,SSxjm,RRmTQ,jUdPe,KDjgV,CtBUN,vggBm,YhLVW
gYKXb,Xfiij,ERenO,jZgdM,zBgGp,wDHNs,yIHrA,ytLdC,KVgtx,BDxcf,QqeVn,sXNWA
AYUSa,GQQWu,qjXSR,aZuQT,fHZic,Bytnl,pzdlY,,AzDxB,egwhI,YjseZ,MtDpb
LRHZe,tQUiI,,LSWDb,liYNF,mZjVK,MAbnT,umGmo,DcYmP,OmtGL,LdBmy,TRisP
PzpMx,GFWzc,IoXhZ,LPaVO,NKyAD,zpmnR,UJCqZ,iOjhO,ITiei,YBacq,pKQrx,KZFOZ
TSfgS,UWmNj,uMeLZ,hJszi,CNMan,aAOyF,FYiVJ,oAEvo,nJPEQ,IaPqm,vGfTc,ficwk
TObzU,mAWCO,wPpzp,KbXdN,,boVaD,fpbwX,,CQYAS,jKrFe,bUEwR,ZaoZd
EXFWN,GzRPA,qvPKj,Lvunp,ZAIUB,OhPZq,cFiXM,Mcbbc,,Hyout,gGaQc,Sqpfm
yebMH,xSkDa,,areOt,aIdbQ,iMuqW,HcCYr,GAYGA,cFrKH,Wcfol,xXHKO,kvfCo
FgHeK,RmRWm,,LusNr,XbEmk,tTHvj,JMYpU,KaOsi,OQnto,EQcCg,HNsFc,dktDL
mWwld,iBwyh,,fkebW,Vnbnw,ccToz,LREHY,peyPC,aytUh,HGiIo,Akgij,bAHSW
SmkhD,dDWut,PfGnb,biNJv,gAiik,RioOa,TSEGN,,BawmH,LrKTz,QlEir,QfpOz
fzeMt,ONERU,yTlIA,fxEWt,,uBeBf,cYkRY,,vujjO,SonKG,aiSSz,ZGInC
lOzvB,LtoaF,BFYQu,zhKer,ELvqR,PpsnX,mJPpZ,,YOxOc,yFYdC,xsBHN,stEPz
YaZyU,UcsdM,PVgSp,kPRzc,nyxcJ,BjUKX,uUsxl,fOUgp,sGrMk,mnJcW,QWEsV,tAJsJ
UGMES,hotTE,ppjMZ,FuugN,Bwvwr,RnDZS,ffcBi,VcLPq,nLXjI,wwzWL,Wnsjl,AyzJK
bvcBb,tLjaC,SMCba,KQNhf,,htXpN,,HJUic,gIxmk,JCaLY,QmCml,FuZlu
AUcLd,acFgk,zshei,OhnDx,JRmUA,mTUKv,hVxuY,jOgth,ebnWG,YmzrS,PXUQD,JwwjK
cbEtG,JhgTc,domBF,dvjqt,MeXfR,FKoFc,GMsSa,wnOTo,vFvPl,MIdrv,GxEme,DYaEz
zspLg,TUehB,KsiNl,rJlnh,WPAxx,QNXST,OpJVV,xJqrb,cAcZL,kiCTg,RKSYQ,yezAX
YfcXA,fkFAn,,kZiYu,BxLCa,VyMZA,qiKxG,VntVu,tFIIv,KtOcn,qHtwa,
,NeVRv,OmCjR,hejrr,TdjCq,qRGUR,hoZFD,Puxlg,KCCvV,SgYcl,KZUdA,vNgxA
YfFJI,dVyqm,KeZfo,ppIVC,WVoaq,ChTWW,NMZko,yugse,NsHUj,SBFmh,WPVzj,fHNou
EwELE,dfJYT,dJPpj,IxkLI,xnjXD,WZvUB,,qmAun,FPCBi,DACGW,FTMGA,ZAcdY
eDREe,UVCyx,IQzwb,CreMg,,JyCmo,DduUE,,CASTZ,pGTjD,xQPcL,qwzzg
EvGNo,LDEqG,dlDdS,cNGql,zOcnE,,ZJVYY,nqqXc,cUUAL,cGcxa,cQQSX,YaKrY
zjMkJ,czMKb,mqQzi,IMXuG,XXriP,TBkWr,aeRkT,NUVgD,OuFBm,ENtcC,Imiah,
vDMfW,uNxAo,adyyv,awfzk,NpWLE,wBsRJ,oxuSm,vbMQZ,pdIDt,,yPVPe,JatKU
oLsEC,iiCVd,xTWVb,ZlkZn,vRDtj,Vkvbs,wXTGU,zteNg,,aLiNm,TdWSz,QdpWW
,dkwOA,QsCeD,YkUaf,mfkbd,,LnmqC,lYMQG,OXZux,,duVxw,
tSnwh,vWkSZ,yZBzX,jvBiJ,BKUnX,UDqaQ,LLaOr,vKwFY,pyfDP,sKDYB,UuAKE,NAdOX
ZttzL,IYHMv,,pvYOw,hOAvo,cBkOT,bsVoC,UjrBS,uTZoA,iPNSG,LdonU,cXoAP
mFxsZ,GOOFv,ecYRz,,mknzO,mHsBA,AKlBY,GDpLe,mQNge,DPPQb,RShZK,QKXQr
oMtjd,HVuSE,wCkvP,YKPFr,zgYRU,cfSEE,JLJDa,JtFZg,QZNqr,lVGAD,,NPMSb
nIFLl,uLXeR,RCIfa,KcExy,sMlVW,bhTah,mHImf,vzAYp,DAzYB,rUgBe,nurWg,mSdgZ
VIbgt,yrIuE,sntsw,YJCXx,yELDd,Kyedm,,FpaSo,wvrol,DqdJv,nDYlC,yPizo
BQKhd,kewoa,GmzdU,VwDPW,,,WeFRn,QYtxO,YpYSC,NQiaK,ZfxFy,KaNGU
ZXIGI,FFsXv,YRrNl,TzCCM,hbBMh,NkXTM,phuoA,BKiTk,eouMC,cYZTl,zcKep,hLcrb
nHQJT,,ZESei,xxWBO,VgtyG,jmPIJ,spZdj,znoqN,zkygO,AGehS,dVyIn,WgCGq
VIXPF,jASMg,uFRCi,ldUUO,ucTiu,bPlHS,iBqTY,LHDXM,HVCKl,jiflx,QhYZr,RtVNK
jyLHD,Hujvp,igJtl,fdRXL,kLjUC,LKhMf,AvgGE,GBxBY,aJDVB,YZABD,VGSCF,JGtlp
viQxg,vRcLA,ZIZPP,qftGK,,SKSmP,osBhF,ErBHW,KzTci,,GDNtb,DdMOr
GRkLH,,AmrtK,eukpg,zgpSo,OWxyF,jsKBi,GYAgP,kedLK,,CZehA,zUesI
eAgiE,vQcXo,GqwtH,USezL,FafvC,QAENy,vZyRU,EhNHv,,BhcoL,,
VYsDy,EpTYE,WPXnL,xwqzo,qAIMU,YdYMO,uonyR,opvij,rsQkQ,QyfUa,eirBQ,rVjFD
,PySTY,wwAjY,,nClER,FQgOI,,,HMMXu,jBqrC,,
,pvVwG,IatUg,ttnUH,zrLCj,tJCLB,weBix,QwDfD,,WNEbC,rbWcD,DJMvq
,xLvQt,,KPWWn,cGJgM,pldRw,qPWqW,aXtzA,CxGBb,wSfDf,TsyRj,cIOXB
INIVK,Mmbru,,cyRYw,gwzZc,rFbUE,FErEY,SQQJU,QATQk,kucOW,KrsdK,QWALv
DpwXU,UEROe,bJIJJ,vxSou,PuNCs,WBbnq,gocWI,tkboa,rpoDJ,EcgCj,kluSx,JTTDN
xpgKk,,QHvdf,dgrLY,JCPCg,,SSYMA,XanQT,GWSOG,mYUzJ,fFjiL,iWeRT
sLBEg,vQgKq,MUpmj,ujVtk,VfZqC,zXNjw,rWAbt,OFytV,atIjv,MrLzB,pHGuM,hxsOt
clayb,yzsCN,smLig,PzUBI,UQIIu,fBMMP,qynJM,zBqfk,locoa,WiIgJ,,uyrOs
JEFDf,gpOJX,JxCbO,NRXhR,yGQGW,kjWZj,,TtNrs,NFrwx,jMCLD,CApIh,VZVhe
oiDVs,rBRXE,afVGs,UUxff,gTPum,swCDj,BctPn,xoqPx,taPJf,GvGGw,ccwHq,SQswi
GQDWl,baunS,jvceY,flVpf,LQmZY,EQUXb,aNLed,gvVFM,tioHz,MaxJY,adLMd,dUeIU
YDtGR,YoNNA,KiTOZ,xXRie,dOYtC,UhakW,bHbQZ,dDtkp,EUxOQ,DwYWb,,
frdUG,hxYaZ,,ttSbM,wMvaW,yhnpL,zfTDT,RHNCi,RdDDD,EAQIZ,SmhtN,nQLOV
ikVmg,sGWzS,DNnXi,RNsjh,uTMvP,mLxhT,,eWUTe,GaKlc,ArKYh,,VNTdC
qKQBa,XEqGQ,WjWWY,hdeiK,nxKCX,GcACg,,iAWvD,woOXQ,NZtMC,MtxaN,
FleAL,PJVOv,iaQKJ,uIUfP,pAkXZ,eQqAV,BnuUe,rLJsn,aTMiG,wJXTA,rRYrj,SyFJX
cciPp,wyHXW,ZsNbA,eGdaf,KxUFI,uNwat,iUZMm,VBjTt,UsxyF,qrNFv,fMOuD,ClTLP
isHYG,jrIXf,zmQVz,CYPtU,pBFcW,wunfX,,MmTOy,rKqGZ,FUMcE,lObLe,yRXyS
wltmr,Oytnv,XEQUx,LVenN,vJRMc,OLkPz,eLuJG,LmtlM,AoznH,MeZgg,EhUhb,linhb
dAXna,TBgcM,qeKxU,GPxHq,UMLSz,CcsrI,LwnxP,QrfPf,MDlzG,OyHmG,SxGtb,KINIw
ldKIH,xDbjt,JMlli,sJozp,qeWZj,WdHCT,uQJQi,afUKV,,HJxjZ,,xLIQF
,jrVZC,LLCQm,OgVwL,QNGfh,xQFqW,yrfOl,brenE,ChEVe,IvyTu,ZWPzi,vGZFm
ZjVWQ,tcwih,,UrGYs,,VbIPa,sufrP,bVZkm,YaDsR,,QbNkU,gbQts
KUfAc,SpvBR,sasEi,GpgJg,lFAAr,QHNAL,UIvBp,NxidW,WmWmF,PXlYh,kUPYK,vaKFf
NptQj,LovKf,Aaxzq,CZJPn,gTkoj,ZdJuM,ULXPG,sjYrP,,McTdZ,,twYgR
XAvTR,cpLFg,lqTKs,JpzcQ,JSIAe,AMhkX,dJvHl,ucVQS,hMiEp,eZYQX,,
xqllB,EJxPl,XhbEm,DhPEv,qJtDc,VFINK,MDEVE,,jKchA,nKMBb,skhCQ,pCrqS
QuXqn,PXwaH,,rNaGX,xuPVg,YdvDf,LehuB,kAsDt,cZqbL,huLIL,DpAXt,wOAuE
DLrtm,fjWQb,poDcI,AZmRY,ueZdG,McGCj,dUtzW,TtPTw,tlcmX,yfnDo,zFFee,pqKZU
BrSyk,KcakN,,QmqVm,FRcfg,WxxPx,rkuDb,gtALs,yKRcs,KExzV,adZzD,krmIL
wpZQG,NVScn,vmjgh,ijcRY,vdlSL,AMlKK,,,xNRpO,iWCZo,IUOcQ,eSMnZ
,NIfTR,UOUyL,jvlvo,LjNIO,OURux,uuWzP,FvLmo,EWhMA,XQJCq,rkTIo,HwKAu
WBcoi,qjdLk,,DxTpL,SjPLr,,TBNXp,vHTAL,MXDKD,UQXpk,qStty,rnEYh
Ggwof,hSmsM,mcKnf,HQJsR,UKwWk,pUJeg,EjQzG,XolCd,,ToSYE,NILxR,yenmr
UxDPQ,UzXrD,FizYw,pWUbY,UgpEi,lBhPS,HTaFq,uwbmN,YXpgv,UNcpc,FYrXP,TqaDX
qUDUP,FdLLj,scTpB,WcJcH,dLczd,SeCca,trMgJ,EweLF,JflZW,LXGbF,,jKkYp
bTBhE,OoNvf,rlxSK,kwNCV,jHaev,EiHRX,Hvdqb,JlJlZ,AQkYr,fmEVg,BOnay,bvnLq
EdDWG,wDgCm,uQlzv,iPZNv,LDBSL,drnrI,caimh,IlGIs,bPVRl,cxwSC,uAytV,jUFNN
EhxiD,gveAD,OqwyV,oCTUb,DdaBq,KQzzr,RkHZn,XykIr,xCSlR,KvQBy,wnAee,
qytOC,ZHLPp,yFVVl,emosK,uynqz,UgJaW,zhpgS,AkoEp,IVnVI,hEsFv,,fdnQF
YCOIa,nDzzx,iyaNc,XqSFL,EcsDp,vtsEX,iOOIr,,,ywQdR,TdEYS,RAYwS
UkEjK,SkKiQ,UeuaR,mWdtX,KbAYI,oGfFv,iMIlG,QtGaS,lGYFc,Wjuqa,NOhZa,MDABW
NdCTv,SQhhZ,oNmiE,,,bFkod,bxCYO,,CvOZV,CJOhF,SvbMC,puMDR
XlUWN,RQzGu,zxmpf,MWMdj,hxicm,qRmrd,jOIEZ,,OwXtU,,lPPls,krPJx
tTjOI,cOWWK,vlGwo,COdHE,IOeEE,dnptF,LxvBk,,watCw,EHHpr,kKyLG,
OvKhg,FAfkN,KWXdo,Svjah,,lFfjV,fMiSd,YsGIl,UoWRy,JUcPH,MMSwz,
JLJcN,Xjydm,niOxw,HtDDX,,cWoAZ,TUqWu,,sMmCJ,lndBe,LnMTC,
XZxEq,rlGKA,sdwjt,NYAtv,,MMxEK,QoeIg,UgHpY,FRkhN,iSgMt,hyudr,xZMFy
RbmZG,yzKdz,qusTH,tlSFF,,iYXUA,bZmaW,VKmQg,ElAUe,IZgQU,,VfWDq
,etVxN,XxhIp,qXenO,rIaRD,CPRbv,,hXGXb,,gzEMP,GfJIZ,RLQdB
PCmlY,JZJLK,EHlCY,pvQvH,wQwcv,XCJfP,GuGOy,OdYzs,BCZgX,odljg,KrUXc,VmZrj
vPISe,RVgdn,yuMnp,mFoHz,,TrYjc,sOHtk,QqCFr,PHnEc,,Gglcn,GoHhO
XKSiw,iUXWu,oWEKU,OsLzx,OSswS,LrZvX,,pBPuG,XCUOe,CthJK,cLoLB,
SoQog,kxRwC,eWPvG,NKHXA,ieogw,xnVAA,AYwrl,yuEFf,qTpIc,CmskM,WRtvJ,fgknp
FKwfB,tmVFO,zdzad,,kwupC,LmQjd,snuLr,OfOLn,quYJF,LnWyX,BFYUh,fiWoV
pWknN,rDhLT,XxjVO,VfNdv,HvauB,rVvtw,cztgJ,qeSIN,qBFug,nupZV,EQtxx,AUyxA
gwUBt,zGCvy,YFdEm,,,jGjCN,VNPFb,OHZcF,BJdWS,XpPGb,BEKHn,hCDBF
ZdckT,VZsRJ,AFZCf,WMqSG,VQRbI,HZDwv,wQvJi,yyVGV,kDNba,dadEt,,
BmYjH,InMLR,kTjFg,raJZF,eErFT,tdCgN,RZFAK,SCufp,gyZqT,BjQmV,dokLm,vjYqD
AvlOm,weuws,,KswJk,,UvPCU,NPOSe,MxsVQ,kBjsf,yqPAo,LXEno,rBTPi
uADky,PyFiM,MRJvF,mpcxY,GpUUu,mQnyJ,,,XGMKl,,mDZEY,emziN
dBmZu,TmXRx,PxWxS,ixveB,SKXAE,gagBS,,UIdhZ,sKvME,MUwjw,,OGESZ
shzIM,GTnJJ,gXKFW,IvYBJ,zgyAn,wlFTf,Hnybc,oUeIO,WwIxJ,jVQGq,QmvYK,JcnLY
yhzIP,EPvvR,RMygN,LnNkN,yKuIh,sMWZw,xMXjY,sgkgK,KaEsy,davvz,CvZHu,jSHEE
oNDLX,Agtml,cfnvo,oNjPo,lHKdC,bRISW,kEoWh,cSFhf,ZYINP,VIkqd,,MpVrt
FpvgR,,Dygpi,EBVIJ,SBWHw,zfrlZ,YUMHF,mVQgz,fmLRp,HKCgd,WGWdG,xdinp
Isrju,,NSORJ,Sbvxv,uIxwP,ILWGx,lhCGi,WfSMk,JORjE,OKdix,xCRGE,lXlOI
,JqxnK,Wgvvy,HJWNO,xkuWH,DvMWH,BFMCl,WMXDf,mlYTa,rsdXP,GoCRw,AHwLL
ZbKvx,uvFvv,PZwWu,wgFUz,aKChE,iQeHW,MsQnH,irhyQ,FdMXC,JsyRs,QApXR,LoLYI
nBrKz,zUytC,Ydqxn,sEebb,rICyv,VZdMH,UQgQw,bjRsY,VfiWv,OeCsU,zEsAl,xOmPX
,fGLAP,sCpjj,qzNCi,,WugRu,naClN,vbHue,pAQmB,zrSeZ,Txsgc,UlvIA
Qetbi,JKxzy,DLHNl,xcujA,Bflfw,LccMi,TIAld,VpxFh,CTjfT,,nuGqn,
otyVF,BQzNG,wDqBo,dqhrN,LTxHb,czotB,GmLQX,,FRuRO,GGyJA,vaHOC,Qncye
,dXNJg,yXjXx,jXWwL,gVhsi,fViRm,PecNu,nSyGs,KZBLu,,MedSc,WRkhF
vUCNN,jevmA,hcTzJ,vfEiM,DHCbp,Tjkxk,cgIVV,Rafut,JoHaT,xqPSL,bXvDk,PJatH
,aGbNJ,,pNZCh,WBVvy,gFSJK,KGQOf,jkUoF,XjpNY,daFMp,qXbCA,EFvsV
,bEEUo,,goKYg,,TrDBn,pvZrB,AnbzP,wJjOl,DNooV,AXUeS,VxnCo
scuDB,XoBWz,GSViy,RXDmb,rTAbb,Usuzw,MrbLI,QfBDL,KeDBO,OeuAP,FpsaM,QLill
OrVtu,wSVQq,QEoOy,GZYXy,diBVZ,vLAOK,gKHbq,,JLide,PkaMK,jRAGW,MecGD
tnjhk,pGNZe,KBljC,ExTCb,NJGiU,KilTw,,,sjDmk,yYXuJ,etxro,eAbPy
DcApl,PhcWp,OGDcy,cofmK,JjRrH,ADwLD,pdMGp,fUSnl,Qwnti,,oPchl,dZaPC
uMSgQ,LJama,bINic,WeaZI,NHmCQ,hGHyn,Dmqjt,jlspb,RBVEl,dgDBP,OlJAX,mRnsF
hMKBg,urNMM,WPTpy,tlvgE,,bNQql,LTJLk,rzQeb,izlOn,CBNrS,pvPMc,
OCAGb,jEnvm,HNKwG,aLCKN,AHhwu,OTbta,aBvWK,,whMgf,QMwUT,VYqGG,
nsPZx,CJLtf,,NmJHC,CtzUU,iAARq,QdAuq,NRicY,nfkRP,,sQwUg,
lbAEu,xcULD,vEDHD,fLBhk,niROV,IPKwP,HVWga,xOIXt,eHmMZ,,dMpUe,AQTMW
oGXsh,,CPsUK,DuUGt,hNoJV,GmdNl,BNqdv,ASDqQ,fnKqS,edvrf,PucyR,zzDcK
CDfcW,htuEH,hOyXL,GjWIJ,WeDyu,CfEAv,FVoLn,amRNl,DhAmE,PtZUb,teYKQ,YYYNq
WANDR,nZpXA,,eyRlr,HKyEv,SnUNv,KXTEw,vyGzD,,rikht,GasEi,
oXosc,vVmsv,VNaoi,CdMRt,eHoNK,RCcuM,hNtZe,JugPA,Aufev,VIwez,,UrSmo
,,cJKll,iYkiu,zavoK,bcJnb,fgIgv,skvFH,ZrWDA,lXpNp,vXEOy,KSPTc
QqtcJ,ZqHQG,,DBwXS,xviAt,KOuVi,JYWqC,cuJtK,ZIVhF,zQqLI,xXQlQ,nOQUI
UEMkJ,nMceP,WZuNI,vKztD,HIRVy,IMVzo,,dyEGv,oHeJn,EJYzq,vxXKN,IwjNR
necwE,,nIEpx,TWAQq,FVkZd,UbVQV,,,jeuzu,KlUsd,,hrsyK
EZHoP,RIMsS,CNuTP,ahaUc,HEsjX,jBfru,stLvP,AnNsx,ABLBP,,fZjvv,EMKqi
DvIHx,UtxdW,IGSgA,vIoHN,ScFov,OtRjM,WzswV,RHQEI,dRUqE,wlNvQ,izebt,HrLAL
CIYhj,hptTQ,TcGti,pJGQx,MLPGr,,NstbK,,UtAYS,gqaYq,eCilU,Qbela
TDKOg,qZkDm,dDwEP,YNjFP,GtNpO,DMrKy,XKduQ,eHsqp,iwmYd,sgsfh,AMSFH,LEYrv
WHcgq,Fnusx,Syniw,BKHoX,eWQLa,IgiMt,xzNRj,QLCbm,NIZpX,anabL,,tiUSn
apRca,uzejf,YzhRE,,KPvJh,sHOPP,qQCmE,buBPG,DTCJY,IjAeH,cECKb,ZEQLe
FYRdA,,pDBmd,fSzbG,OAlvL,DUsuD,usqGR,uhlZm,lAgxI,XYnuH,VEVVC,LkEse
VeDSG,NlTfe,UGeaP,HQMFa,qPZEA,NlcBH,dlsYZ,,zUrVu,OIIvA,qgkCT,vxptv
grtBo,nAmjy,qaKqw,ytSAH,qSPbW,ezhbJ,INARB,eaPHs,FLIWB,DbLJN,PyOSj,aJRHa
SzCMD,ONIbL,wZVqF,QUvyZ,HonDx,iTvtz,zdDrJ,xyUJS,TvVYU,DTlli,cDHZw,aETVC
JKgLA,YmztF,BqbRe,DJBit,,dYKOC,vWLAH,tKLtK,,JhIad,jeqyL,Zftbs
FRhaq,Mbikh,XDLWY,MPBLx,FARzb,zixGt,qDjUc,iJGUO,KJvjI,jfeVJ,eRpTp,UhlAC
YPRWp,uxKTS,aoJyU,DKiDh,bMTbK,TxXKv,DAkcG,xggMZ,,Kygma,CDjGU,oUEfE
wvfrx,nhjQr,EbIdP,gqCaw,LoZhi,utwei,pZioD,fWpDY,tCbXU,eZLlX,zexmO,HFHJl
,Cmpys,HBAOP,PDseP,XTfur,ALWDm,NihCa,DQgBp,LaYwy,ADKci,GyHha,yrJiD
DKmKr,hoKaF,,piSvv,bxHIr,eKIht,TFOBX,oYCLf,NmmEd,etiXL,,
,kIXkl,RYfSD,MGrqB,KlYlE,XQNoN,ymGul,jWnAj,WjvPI,soXgV,eyMuu,HDdgs
AsBTx,oKUiM,,LrIJz,JcXyN,bWrkS,iykVU,uPjrg,WZtUa,Grook,yOBSa,racEj
cisMe,nENUX,wiNQK,,JyBnk,XjzwY,jPKWr,TxzKY,gyXub,UhOXJ,,kUICD
ApkSx,AlzSv,EzMwY,Effbj,bqZzI,ASCua,IZyYi,kTzDT,,KHqxx,FfYVq,zrrcF
fXvHl,jDXTV,vMJBs,tSsOf,zDYCi,DgQqG,zUvPX,JcDzt,YbSBx,QVybS,UFhJj,PWGun
iPOly,xnqfK,QCHxD,GnBav,clmfz,,yUwGU,GELyi,,,yvtvr,cjMQr
zWjBx,kgyjt,QneFr,OEnhr,QkDaW,kHYjI,Ecrdw,ZUmgl,,RKLbg,ATbRY,sIISs
TCKJb,QCtVg,zVvFR,uYIGR,abJzB,IpWRy,FotBy,qMjPc,orVxc,WYRZS,DfJgT,vrVEc
umRyw,FowTW,XInPS,tNtkj,ywoRc,GolQI,BOjkR,AEgVU,KmJwR,vPQut,mkWIN,mhycU
OcZAC,RWMMi,SPGbd,lYifp,RVozR,VlfEs,iGMjs,mqmya,PSAbP,SvjdQ,prhJV,qCWCo
YLfCT,CmFdD,bWktw,RGpaq,bResx,JdMqm,fxxxJ,cflQC,JLAop,kjKRk,kxDjf,xJuxd
vGcUu,srWwJ,mRZkj,ljTtJ,gsSkY,QEvMi,kRToE,tzAlW,hRNgY,NLkjR,tlUAA,KtXsT
MHNQV,phChp,hSlYo,tODVZ,JCkoz,,rSMiE,gBfvA,gzGwk,Oneht,rcHme,KHXiU
yVGhr,TESzb,foHUv,aTieo,LwmQJ,MBQrm,mhqoF,DKVOI,UadKH,AYLzF,vySww,
ZMflk,dmyJc,Ucaaq,bGutN,lNAZo,bxcSd,tYprn,NVDHa,BevBy,XbwiX,lYSro,KZGWq
JthbE,nxVqv,,ntGYF,SgmMo,cYDOK,mtabi,,LfykQ,OqNEG,rOGOe,UXXIz
,TOPKY,DhNac,BFzbF,,SZxtI,eCLDG,JuJuP,UwTYW,FOodQ,lmizg,pgvqR
uvGSi,lpgVQ,ayfsJ,cUVsG,XXuWa,jNCqK,vxOOO,gUDpN,qfWWe,mXDEl,gXfVE,ifwAp
YyeSO,VnRuI,,,,QKCwD,EUOeP,EgShu,dJOZZ,imtDK,ZgoTf,RRgzQ
ABSKi,,ncSWO,PWLiK,KhKnx,taUpG,AJSMp,rgfsZ,katJo,dDvJH,eBQKK,Sxbgr
,AjiBt,fsGDE,rNdUH,sxabF,yWMdz,hVkmd,seaBm,Gjspo,WVwBE,CsBOG,DNeQI
,gqBDU,pvNfY,MYgXJ,yGyHQ,,jVTMS,tNstP,UJaic,,Ookdc,gtAFM
KoNmu,msRIV,Uiomu,KqNCb,JTsOC,jAZgn,uFONh,EBhdA,FgbaW,,hodau,wNfXV
TLArX,btWdl,VPIJT,jxjrF,IkDxb,TKcQX,,,wsCZZ,Omcdl,PSYnn,
fEgbw,Mrhwb,,QUfCI,ZUWqA,rdsBT,MJMHJ,,qoiXY,pzFXS,fIrrY,PItkn
ilxih,UDXPr,ecCre,HzSkz,,yyPBQ,gDbCW,YJZHu,JKcvD,EzFbu,MJdkm,byGqv
AKIJB,RHfCq,LZczU,QoVRJ,bjUxy,IIdBX,KSPXS,OVRco,qsJRZ,kELGz,PRHOL,dkeNa
eLlgH,KwsZI,lLNxV,QAXmg,NiAlS,Evwoy,RPDEF,zsQeh,RCsYR,,hWKuR,luhmu
,ZtveM,sUrWu,PORIi,SDYWc,,mgLcN,fukBw,LFdCG,SvKBG,,DAemR
KFmPE,Dwtrp,byxNa,rrEXA,ogeqE,raCgO,YlLiQ,,SALmH,osMcR,MANhr,ghXDv
AXxuo,,RoXFj,mttsm,YOamq,NiTbZ,EKkff,IXdmx,IakCA,RsGdl,AUElz,kKadX
nJGef,GKaIC,FeaIY,bFKin,EeYwH,fGotK,POuPM,oWPkD,XYtun,wiapo,jHTvp,JCUNn
RWXCP,LQDQp,,dHhHU,qMWNp,KjFFG,Wqkmo,GFnWZ,ETeRY,TJXMa,nBieG,iOjSx
IiAfK,GBQhN,mwnOi,plvdB,kjGLF,lIOzP,ZurCu,rIBxi,,OZmSm,IdbTc,JkKur
GgOlX,aolnP,,LpdHN,jqQcI,wxAjC,yUuhV,iIRTW,,TVZWH,iYByI,
UnZYA,AbFZM,OYvEY,JkDBb,,FeOPP,pSCmy,HMfZS,tUBFN,pGNPd,LPaAk,psMGj
hkgmv,BFdIw,xVrOI,fHeaA,GjdQR,,lhjcA,DssNg,HPUej,xGXAS,otpPn,IaSYg
OcLVX,DSHVd,hTKXq,JLsKN,UHLOf,cdLTa,iYNks,VpQPf,BcaMG,oySKH,VNCXQ,
svSpC,Nzfyi,pPKlh,FdxCi,EgIAI,KDiNy,nsCEt,DNPWM,HPwfk,lljkg,BECeD,vyVqb
,JMzrZ,OEYpm,ILrNj,DtToY,tsCrQ,PhoUI,,ieOWX,TqPco,HITNC,zUHbM
sbUJR,nosCm,TGCpM,DDIXJ,nfRfS,HRNvm,dMPBZ,zAkpS,bEUCe,rtpPV,kaiCt,uBQej
EBUUx,WvYEk,,FNzlj,YYHor,RcKqf,HFtwF,MWmVK,vcTQP,giVrH,gfWKB,mrVKI
OnZyr,MfyIf,zCggn,giKqZ,BmxVD,LETCC,sakpi,NIgcT,oMoqL,BjgqI,FuUhO,tNOnh
hdPpI,,EfGzI,,xmYCX,FzsRe,GYxrW,CSgEU,mecAF,XrzIE,SIjmg,PZQhG
iphTD,XZRHk,ViYyn,qTgiS,fhsaZ,HuKvm,tgooL,DwLxT,JGxTo,LwXQy,JqUDD,DdFeW
jIbFF,revUb,FRRGc,jzqlT,IoDAR,WHxLN,xguYJ,tbfcw,njeZV,bfbGw,AnhTJ,BGHrW
WAfMp,MudJz,,pDFuZ,GBlUX,lliII,nAnRG,dGmyM,OvPRY,epMOH,QWgGm,DjQRh
mwaac,xmSEo,wbTQu,nIaQz,IqyVA,QfvYS,,dbGHN,YRmyE,dxNTK,lmkYr,vtzaO
SFWCm,,iuxQO,iOtKa,Hhafb,qefqi,iMDQf,jYjAw,BNjTV,DqEeo,VfPuK,VrqDw
hsAsk,YQPut,XlTUK,pLqhU,qyOkm,,IBEVW,FCcaC,,kUEQJ,,NUHUO
OAtvB,UFOYr,,tZWxz,FNlqe,oStgS,Gwtlt,,nTEZl,gAMgl,VREYD,EasrY
IaRTs,,,FFIUJ,PmGxI,qzGVD,,,VQRwe,SQAWv,,kQfDL
yCopZ,kdjKK,rqTPW,AjARf,Rigjy,vIVAk,teOuT,XDEZs,xrDfJ,sMJJk,FACAV,npxik
aVpMK,pfKTQ,Gwxqj,aqSaP,RKMBG,MDkfJ,,xhgKz,JZeBm,txZvQ,tXVWp,MneSv
,nMXaG,LNLAZ,wnNjj,avCEf,TZNVS,IZSnX,YhRnC,IQJnp,eBOUV,DvFOa,LxNsa
LUNWH,Egwye,eIDgB,qQVMa,wJJnF,Fnmjn,ZUoFc,nuMUK,adZQa,Juzzo,CvGie,RjtgC
BaRTU,CBGgc,qqVhW,kugdz,OlJdw,Rgppg,OfqFC,UFXfL,RTCFY,,,ASWWs
iECbb,jJqLs,kXnNv,Ujage,BOQNn,dFKsS,bwqjl,LoKMh,OKIdf,LBOIw,,
LaFjS,mkJCz,Hlfdo,ezXky,HTupc,cBndY,HHPrk,qcvFF,mbTpv,cNlsC,jexgb,
,IAOZf,,JVKFm,WLVvY,sNyUn,SVOXx,TXDuw,lKDxv,zroYJ,oeAaV,zihbk
bIQxA,,RnYAT,WsyQH,oqPyi,xRQCY,mcqIz,DSwjI,,yyWQX,rNYjb,rSwwA
TKemV,mxzEQ,nDpnZ,xIivZ,uagPX,IorMb,AfVPj,zBviP,xRrdj,MycKQ,DGHso,FGTNK
vSdbO,,fLKyU,wUzBK,RGjBh,,,dzReV,MnTQF,BCbJQ,YKeyK,
tEctx,,,wZnEY,,,uGLST,wfDdU,hWoDk,wHmWZ,GqsNu,
QteNu,MABOg,,onXma,krbQf,Rbgtj,XTwZT,xyBQx,bcbtF,GRWFu,tIKXN,Bicho
fTyYQ,,,xPHnr,rIRxC,VSRed,MFMus,YVlEQ,OVZdW,bFFMe,mMUMy,vBkLM
KPLie,geTDf,SgxVs,hIWsR,hZAej,lTOiP,,IzUgY,ejCtz,OCBFZ,ZFbSk,UNPSD
jpPoE,leKMT,OrthL,ODFfZ,XYVrc,bsdiQ,,gAfpj,BJBBN,HIYjE,JBOsU,BQIVV
JtUHC,PoNQw,seRYJ,IEQSr,,apcTt,GlfAe,xPGyO,auLOm,YgyEN,mrjUP,
RfRYT,XISqR,,mtGQV,psFII,fGBpe,fYptt,,mvcqO,LvpSC,,LuuIv
PvToz,VhHUv,QVVJz,SuEkE,TCqjg,AZUQA,wdxdt,AEcnP,EViby,vdkUi,whPzc,PpyDF
HzOUr,zDweu,UmiJA,ADwaq,GePWn,jdOnR,,utLii,nmcRr,simPT,iPNWf,sFxDa
JcYIo,dyzlW,RHNHe,mIPEf,eGVnG,IFJXS,sIwya,qJWmS,hVkEn,OVFor,krDDH,WglNU
bkKve,,AcLmJ,UHHAL,MaZbO,WGklD,,VNEYP,XLPaP,CRRbi,,rjDtG
,haTTQ,rzKsR,DEjfQ,ouXFb,fuIvS,ssKul,RDrgE,dPjSj,pVehi,adjXt,imGeB
XICaA,Rdpgs,,YTPRD,adShq,gzoxx,DZEpZ,iBQrf,mWNUy,PlSzA,MaoIH,Hbpsu
umYbm,,MsfDg,efpfj,shvnB,HLkDt,pRtVc,vYqzl,rDntH,izTps,oilSA,IGKAq
gCKem,sXMfT,UiGSX,HeaGE,vBZzZ,VBTKp,,bEoqD,EfWkP,SDZqx,OCxqH,PBKil
,UwRoP,goTyf,tTIOs,snXeV,cySDG,mycPo,rwiSF,pkNyR,CUkcj,gkuCd,lBgXQ
AFlcP,IJTWi,mkHhb,kIIMz,ikeAU,RZfDy,WRUwu,LDsuD,WjJLQ,oHoVC,ZWNvA,tMeXJ
sRSej,masKY,,jHIcW,xxwKu,mJrqk,viKuQ,HaDLh,beqxv,chjBW,,bUuFq
CWCGP,uJuZx,hwTHJ,Nkirf,fAiHg,,xWQfk,EGiWm,JgRSc,CwLRx,RNAjc,LLzXx
gbboR,PDDIA,,SDLyo,aElOT,TfyLD,nMiDZ,rnnlY,,relap,zeeYO,VDQHH
,AxeLN,,QPTnO,,erqrK,PxHkP,LbzSF,hLUum,DCsGw,APRqD,GSNhX
tnwqt,sNBlG,tyVzT,sLYRJ,iwizA,mAhhS,fkogI,VgzVN,drwYp,,CbKbc,UJSpS
Yrksq,EUBFg,grakp,nPUXN,MzpMV,wOeFj,EkEYP,,KPpXN,BzlWP,Pqdec,
rYvon,xzuBz,,kZWZx,,wyuYG,,CkcFU,mcoLx,HXExs,,dgHHN
qtGXM,,,PdkGe,zxOKD,BDghg,PlgNs,SELoZ,qkrkq,AgPtT,rKiAY,
VzYxs,cbthX,eXxKp,ZVjTZ,RHAbg,ZvpJd,MKKNz,mRzBu,LOaJx,QNktw,,iQzeS
sbAMj,UUdDB,yjeER,ASkOv,iBcWz,cERbE,xFWxG,ySIqy,HJtCq,tTBry,aLbcC,aBplR
Qkrro,uPvqm,BQwJE,nWgCo,DXorc,GuhRF,BGuJB,ZPMhD,JjwwX,KQEuh,uZeRv,zDBqx
hYUPy,EInWx,drSWc,LFfQm,ABcfL,tPOoZ,ICLCf,ndpbc,,,XcvGQ,RGaJl
Eavpz,hCzPp,,iiPGV,BEuQS,BtUSf,nZNBV,yYtNZ,ianEy,tACnL,UiNdp,sdnPs
TOvDe,VWiVC,YzpXF,DvAMt,csJgF,YoEXb,TwoPO,WdyjG,pJwtB,BpgyF,RWinX,
UFlFY,VPxif,,yMArT,kiBta,EQlID,,ZCtpI,PhqRk,JsyTH,WjeDC,zwyob
rneAu,zlRjV,TCYJS,GQfEG,PSadl,rAmIC,PsnGL,ZNFNq,VBETT,FDsGU,,
eFQdD,AhWkF,wrlAf,nwsbt,feBoG,NnnRM,fgwQT,DUnvA,DkSuJ,stnOL,NUqJQ,WvhAU
ZTAIc,dbUdY,sOGVf,yZEcx,ywWhU,Vtvna,RLoHr,natCN,nQWJW,hqIPZ,,jRgYg
IrUfh,aTCvg,SYxxY,IGbEd,yDTca,RXlbn,NAYNr,ccZEJ,GmytF,jbTqq,eLacB,PNxUs
ZuoHJ,TiRaP,nLmpe,Qzhxv,GToZV,AnrXN,XguiD,bxkji,kCaHq,KXHaB,rrqkw,LpxGj
McrbP,gctLQ,EsrgC,,yyLBb,wKdeA,DJddB,MCHJj,BKSqL,cviub,RqBnd,hPODt
IVfrx,,fbOFv,pGExG,,AmReW,NgqkM,vlzgM,MWClm,mvDHY,cNxxb,XAGbT
ELldX,dnoaz,doKZn,,diYFu,aRSrC,WxphP,Nsgmw,xnMFU,zXsYp,aInQZ,
CRibf,oSRdN,GNcsl,CNesY,,WZqeE,zDBUd,DFscD,tBbrS,jIxaX,dPwnz,WRMSC
FCtTX,ahAAk,rtsAA,KZJLP,JdlBz,zLXNo,zXAui,xgUln,WotWE,ARVBR,Qvevv,QgAIF
,APJEZ,IRIBk,ZiLCp,,BLUQQ,tljTx,ZjEew,QhJKx,sBqvE,VeMjP,fUBHk
WSLwc,Sfepw,hWswr,oxyfj,CqBsc,PqPvd,ePoOM,EtdqK,TmJPc,nfsRf,YdVLx,nwtCB
TtkVv,lSoKd,eokLt,EHXEz,RthQq,omHvs,,HTAao,KVxqs,NEzSk,xcwss,
,RbveA,HaDQj,hPtCJ,UdnBB,vxIDH,sLwpc,ygNWh,,,WXvUD,zvYSG
wQAvd,vlbEw,VyGRf,AUKUE,HCBIC,grEbY,lnhmd,huhAF,,kqUma,meyfv,UJjxN
Wteuw,,JOIvE,XEojm,OqdnS,EemJy,xGzUI,UBsAW,qApst,gLWIL,guHIe,LriCl
UfkqF,jczdL,sZwrB,,gafBu,uZXLJ,eNFyW,ovgOE,pcRvX,jKMwU,zEIrd,kOnuo
sMHkv,edteW,QzCdb,qYJJs,DuLbj,Rxgvf,,LPMhv,cqnnX,XgHlT,dVfdt,gzrMy
PrGiI,pmVOr,wKngd,JCXAu,VaeIF,OKMCy,,fJwhx,wpowk,AomaK,,IqsnH
zGviZ,dqPkF,WLhzX,ARPVP,qDmph,aFHmq,YbatT,raoPk,hLAFT,HYGEd,,
hlpce,eIftW,GIpGT,guuGw,hqMwC,dKaJQ,TtjFx,NbTJC,YiFwQ,YQodu,Ccluk,jgFLh
BKXqt,Itcth,,gNRew,DJfCt,WXqoJ,NoYoP,KfhyG,DItRF,ZhtlH,mjyQx,yApqA
yeEpB,tIgwy,XybCD,,WPbqF,kasue,IDwyt,gwRFW,SVHQs,adjCc,rAQQk,
RbTCr,exFLM,dRnsg,rupzg,XAEZG,VrTWH,avBHQ,usKtl,pLahf,lVnLz,GNHuC,
BTwhX,prcxB,RHnMz,FHsnU,PVxZn,lXufS,hSUja,lhqYP,MddPf,ZQebH,EUegN,SQhKf
FGCVg,kWsYI,BPhTx,nTFYt,FLIxu,,wxQpl,MpkFN,igmWE,JclHR,,uAtmz
YQgNu,aZigO,plRgL,fbWil,TmAVl,CDYGM,dPlVk,EebkE,MSxKW,RyBfb,FiBGV,nspTM
HtjaT,VGlKA,JmTUX,oYERM,jXyJy,JVltV,pnarc,jACFg,czlih,EnreL,QcXKh,YQHyl
RyolK,,UjpHQ,IqrSC,ExvAw,,,FjRcn,lHtal,CnyNn,oDOEq,dSVCP
wfEVn,UHfKa,bgvEd,RcvCg,OzwKl,qyrGf,aXaPB,RLgGF,vjzsH,,RLYHn,fJiFR
yeZZx,hSRBO,AIhsR,vXGUj,ePGdP,lzTYU,fQdYH,ruUJB,mxmHR,IGeHK,oLzqr,BGBQF
BGAgx,LdxyS,XjkgX,pfPPZ,QXBEw,LxTwc,UcmNy,EXYAo,cYYlF,JOsCM,cnhba,BScvr
myfmu,ZeRrY,ZDYCl,MatyQ,yJIVt,ruceh,KdPKJ,IZoKH,CkaNb,,gIVyt,AojeE
mxmqM,uxJzr,hnbGY,Pvvjm,EmPVl,XCeTD,RAmWk,TcGHp,pqkAZ,ZrDYW,OwPdm,AGTbi
tzJDq,HvhLz,czYHS,,TuroL,ucpkm,ZmHzQ,HyhLU,pRAGn,ejYhd,fYIEt,SUoGA
pjqza,bAdkW,VVOCm,fmyBc,gpHAA,vnuwL,NUbsd,grHES,FTgGA,sLSNN,qCgHY,EeGoO
theMl,,Emvdi,lxIth,pBBfC,TlpLJ,bjCQz,JYFuR,IFmuP,uIrUL,fKCrJ,RkCGw
haVBD,etoeM,aFwUd,JWqNG,MetxW,lSkKs,eNNaM,,WkGvB,QebMU,aoerh,fOLmC
XmFRs,UzMwz,mMHoh,KtvHw,czuNM,HKmbD,qmSLI,SyPUf,jooas,XYdHN,XunYK,bJhtp
Cfiwa,xQvrg,ARVjH,xCdvo,lbfju,uvOqA,vHgcA,gHWzA,MJqUH,bNNdj,,IVpko
wpadB,CKxxU,LXwNk,VYkLZ,qbzSb,CxOua,PbgCG,wcnbF,nOELN,ttaoW,LxyYV,sLYuk
EcQRJ,,IDJTC,Undab,LHFFC,KpKeE,nXIYi,cTzkw,,IxSVe,Xhmik,EFgSd
BIlQi,dDLAi,wQwnl,gXMEr,fCnmx,sBpMg,hHsJT,eDdpJ,VKOqK,yrUlw,QnIZK,hjIYE
sbFYe,qPERO,AHKZC,yzcnw,cxFlp,hXxhX,VYwVi,iXuTR,TRzNX,eGBKd,,fPKwG
zbLgE,BeVnH,UZXXr,iZcge,,,zwHyd,xEzem,PBhAN,yORFf,CvCxX,rdtTH
azmmU,,sYkge,,gUQmg,kzAjW,tUVLZ,,MgoCZ,,oVtkl,qaOmh
IJQzq,,nCpcj,LNowA,HBZyv,ukdgc,SJECm,adBfD,NmeqY,eQdjY,BKoGV,BhAyv
gFlbl,GFZyS,OuqZU,tBJjB,wemgM,HIlDg,zBkBT,lAVKs,dvROQ,vwfUC,xHQdo,
NwNiM,NnRzg,DAUdv,GiZmH,ceZRh,vwdgV,YyFUV,KWBqH,iQpDm,VISTj,yuJyi,ryazW
NDsyr,mhbAv,TbmDs,,keKUt,,cwoiF,jkIjM,yALHZ,PKCzQ,IwzIT,hZTOs
VHGPt,yoVWp,TyrUT,MymPh,mFEby,dngmQ,QCest,,EAqMl,opBUO,,RJJhw
aiQVi,RVKIh,wItou,VNven,rfgUy,oXGsv,cWRhL,gghMk,EMVaU,AXMeq,XXaDu,
TrXYd,SlSIz,hLdHD,yhjsW,tERhu,JPvla,XYntU,tlpjR,OSZzz,tmOyl,IMpkY,vvrOr
rZQPR,SZxTl,tqCTN,,ybjWQ,BwDqY,lAVIu,fUXBm,UdljR,zAyVG,MXPiT,gMHmp
TOceU,,ETcip,,CXEZn,zAipt,DBMnh,QYoES,oBBwH,mkhKE,FlZvC,RRaZM
cgSxe,cqWmz,PXHIk,DddDh,gIblD,NjJLf,ahnVk,XiOlA,Togtf,geyfj,OEeiK,LlIgX
PQZSv,AcRBW,eXhEQ,jLijg,,IkoAe,tZtMv,hNzfK,aGJeE,FRxed,XtQhO,ZawIU
dVJxH,bxEKm,XnVNa,qPwlh,xaBRT,gymzY,MDPKx,GzGpj,bgxYE,tWXBZ,RPbKQ,FeKjj
,uWKfl,FPUOm,gedXm,xwuHQ,eCbAx,RWNan,rbhUh,MDEkf,ndSpe,UsNrP,rmASY
BYtGb,uSQQu,yPhxt,NCGJi,EyeMI,rYizy,iIvqm,,kOVzG,LYQqV,EOEst,oPNck
iMeyN,xWTXs,VEcDa,dNxRN,mcmEV,zpwNw,,cRfqL,uaySk,PtJVH,,nlWfx
KWgyK,xqrUm,,kUjSv,qZQgp,gDQza,KZggO,XrIQu,GinSR,dFtVw,VzlcB,HBOLZ
UEeku,yNRfd,,elGpf,FLoIV,HbiJA,gFkyw,WcnEw,ImuGP,aViNC,BDOtu,XHjeu
BCPnk,tVudL,UzlQZ,rJWzm,Bvkaf,RQkkm,,IyMmL,gNsxf,xqYfI,zBJku,ybwYH
,phbXh,MOSNh,SbFDK,upimT,pTEnO,vOzvi,QoGvm,kdayn,VZAcJ,Vynty,bDEXA
NUcok,,VxBKR,UCNFt,FtKLM,YIdpj,,AvVHS,oFrYR,kHpPE,tFOVY,nFRZB
Hngwm,xOxRP,LJpeC,UHtJx,hvDrV,fHJJu,VpnWv,EbbQH,JeVlI,AWxMk,IebJr,
DsgyS,bBjjp,Hmitt,kQEty,DQXIu,UDlLn,,uTSrs,,Wnxul,hCtBp,EqgLx
ATist,RpjiF,VPKRK,WEdOO,ZysKF,oiyeh,CaWKN,BccIx,TxaMh,Kejuv,meAls,oKvnS
,EtmJA,SjEnT,dQapb,qGAJL,tBfsR,,NOGJq,wHbrb,LSfUR,NJaiR,
Wdrbg,OsyaM,wxWKe,MjZWT,vVehL,RDaWb,CsmxM,ewxTb,uWvMl,tNTwK,,VsLlI
mXGTc,luFox,rbiuN,xXayT,TqTJD,QMETQ,ZtWYm,TCVaC,wlmWf,HBdWm,DWOav,
ZMffc,zKMBA,jbYqy,Awssn,SmAnX,jKcen,ZQDsS,HORTO,tWVWD,RQBzi,Lnuxn,
HceQD,diZIB,vgSjL,msRsw,ukNIq,FAIYP,,OimUI,ODEOu,,zRypi,cNVrU
FfGaH,RXPvD,ipMUF,HrThv,GWsRb,TAmVW,afvoL,saPwK,mCjuN,fBeSK,bNJQh,QiXtW
LwJVB,Piuoj,tYRfR,SLxcu,uJtZV,fxIjl,jAUAP,NyAty,HXLJu,,ZNGMZ,
xmjxG,Gczkn,UTSqm,GtMtK,vFOMm,lTSwo,zSwqH,,Qbgby,DxGeW,,mMoSJ
,,wFLtV,Ayqzp,HhUPs,JueSI,qhpxE,WhZvo,cTmeQ,DFojT,alkNp,XPgsm
pHrzL,dqcCA,NrjZT,oCWxS,BPYDf,tqNoI,RPDpG,pJber,AUvug,byDpU,OSURq,qVDgb
cmnGK,ahJpp,xSUnA,VeSHX,eoJhY,GJLmJ,yCNnU,WUSIY,EHGpl,SzNGo,hKCdE,LDHhj
,szSgx,,JNfCI,Ohnlg,nWdYb,numfz,fPrZQ,mFptS,qjlZX,QcHYM,EqQdV
vSome,kHiro,kGQQz,EdteE,gPFKq,FBZTW,BlhQb,KIkPo,xHvAq,lRKoG,WDzPQ,nAzWm
NEOHC,rRSoi,xKiak,WpyCY,SihVv,oLGdF,WzzGV,KYRne,nJmjm,DVRrd,eqcAT,posuV
,TeVlr,gjgkz,mWhPE,ZCUGL,hqZSh,Nzrvq,iDrGJ,Henzs,Plwnm,NPXqx,WeIVl
CRQeY,,UPYCU,bmtec,RboYL,,bTsGG,pPSOV,LhmNC,HTTrv,rrsFu,jpbXe
GVjdL,ebwWX,fPRXZ,ylnAE,RkHNB,zJcVQ,bGVfW,CUoYz,OmMaJ,,uuXjk,EqlUe
dvRyQ,lSCfJ,NwUqV,vezhG,QwBgq,pQDye,VYAPx,EYAEH,QruNr,nRrpG,chEqp,
isOFe,cTtzs,KnZbi,fdzDy,ObdPm,vExKH,mYsXA,uhoyP,,zKYiG,AyIGF,oxyiG
CGmPZ,hgiKM,mTfaN,BhmlJ,GhEYb,iHyEo,qmyYr,cMlqv,SOyXx,PLIfe,dmzuV,dyLfl
ypXwC,MVVii,vtAtx,,rCjMu,ymVHU,pMwPF,kbtkb,jHbmR,seRAq,MWXVz,TVRVu
EzHCx,DkOTQ,IuZmL,hrxzr,WvZdd,OTuem,GcYlm,YUQDl,QmOsS,GqYse,OrhOo,zZYQj
lIWiz,,XjSCf,ImOYY,DAjds,dpwWZ,iMgzo,nmVbm,TsTGa,EFvEQ,piKgj,bzRoC
dVGiL,HBfuh,ZIizi,iOukt,gjfgr,pxSTi,xlSlI,Mwugj,pHPNS,aFjEO,fKuxe,BicqH
jOdiH,,,vLxJk,,DZJfv,BYJaP,yQYQF,Tnywd,LaAIA,MhyPQ,iJkyw
,Mdcko,DGbMH,KoKlQ,DJSkd,khQFM,CxYJm,EYXKr,wRwBE,QtcdX,QYOOh,IqVKK
VztKW,SSLsO,uVfwg,,RHOWO,,fkqNj,ZoMkt,ceWQk,,qbqPg,
uMVqg,Ccyrd,rUfAI,afXSb,YAxBt,TTVXC,rdmKa,,xQmnA,IVkKk,NvWeY,IAjVz
GuHwJ,ZKFAd,XZJBH,eJPTP,vcUmJ,,GAvEK,shqfI,bNLwI,AhPWT,RjKNx,
jbsfW,DIgSp,qXeIB,FFwBg,UtKSQ,gPFKA,IFXFh,TMAjM,VpRRm,wvVwz,imwwb,HzSNw
pdebT,tiEUz,DpctL,wCJBk,lgtmy,TUdNe,qRPfu,OADZr,Rbgjs,EjXsk,zautN,jubBa
RSAsz,ehXkQ,XRNcD,,GQZdY,amcYq,hLMng,EuxDs,PPrGb,QKswM,rkzGa,umkEi
CjUfi,uXYQo,JbVKi,NomRg,sUDwR,TDSrK,ZINaO,XHeHj,NuXuj,eQvIG,ZbtqK,RcQcB
DpbxH,gCHIF,opFfO,qPmwe,rbXUn,sxBuj,rQKvb,BqeOf,LpRhg,Txxth,ADdOd,KXIMq
tggqz,bxTKV,lpMUm,ZUFaJ,eYuyl,ijcAl,tMgMB,RMkPB,hoYFI,nftAW,EiMKj,ffWsT
sHvkp,,zZAHL,fIThW,Rsbqf,AlVuu,bLckw,WjFZf,CwoLl,HQFoN,MXDQM,OSZsc
qHnYS,kwhrM,vBSec,kMwPn,KPxvt,AbJMG,,fWEPk,OgbjQ,KUCEM,RazzY,icuga
daXVL,CZWvW,NERpK,MXJyF,eDBka,,LnlAh,JAbQX,JqnYO,mUHkG,qgpuf,SRFyt
AUclo,mnoky,nfDcU,EwpBe,CsxtA,GiMdY,JAoBg,THbaO,,MBfhS,VVQOE,fvSiq
cTjXD,FdiqF,djQir,sqbGS,NyaHZ,xhAHq,OZYVQ,UUzTO,UYsqY,qnKtL,WCtpo,eMHus
XNAgh,,aGWNZ,tjyep,DBKzB,szrox,DdTnN,sGOFP,WjvWY,suXTn,MieBC,goYyK
EpKEI,wLSKn,nkFTh,GYlpL,HCUeg,dNVQU,rIIXD,MKvxK,OUNUS,SCSbB,tpBrB,WIAbU
rrzVk,zIQCa,FjbFa,PMgDx,EHwuO,dnfiT,,rkCRd,IbMhM,,tGnMw,iYbuM
SitSF,aoXGI,wkqVV,,HQrFY,QsNcK,FDfXW,Lhfov,GRjpD,NamUy,oMShP,
,zWhug,QxenP,lNuRY,pbHyg,,UALJX,,suSOU,IxJlu,ClBkY,FQzPY
HaQGF,WLdUr,,gkCyA,nJzWW,CpfDt,,,DwSTO,,slJbR,tKaPG
lQZCV,xjTJr,ZczmY,NdstG,yGyzE,,JAMOY,sbuuC,wmtco,KeVwt,bRWGH,KoKoz
lYLfF,DAkJH,gFgFP,RgoIf,PanZi,pIRrI,RKzkH,,OxrkG,duLFP,SYosk,TWCIN
,FmvdU,ZkmVq,,jqImd,XOjyM,TEnMK,wjWmG,XDmij,OQMTK,uVHTE,ZzoIp
HkUDW,beyyl,altpE,fpLjy,RHXeP,knQqr,LTbQf,DqiJH,VvBzq,ollpN,IQKPP,yfcas
eAgmR,OeXcO,brqEB,jMVLy,EMefJ,cMPrE,VFcHX,neCmg,jYbZJ,MIBpV,qjgbZ,qasPm
aqSGW,RQYUb,ZohiQ,VrYHM,KJAhM,rUgdW,VFhuv,JSqQt,AkrSs,gAJjw,FRlTN,OwZUQ
wxFzH,gHumO,tVIpy,RLadp,xQrTQ,hwNFK,CUFAE,fFDEu,,ZXyoh,bGYrj,mSCbj
MFCYA,yPxMB,pohwd,miYjw,,vQGxI,tUmWM,QWzWw,,,UsxlV,qzOYW
,DxABX,rrIDe,FTybi,lTcKv,XxvJO,HVZSz,ereNC,OXIIm,jyLOZ,LQsPb,VNBau
NeghQ,tIrWl,,,JuhoL,MxHga,uiPgA,sZVVn,XptPB,DLioN,DXjKY,ZrNNY
qDjMg,DcbAB,ZiAEa,FkiEQ,VFbKw,DPVEX,xrVwY,gfaZs,IUNgN,VrLQv,nUSLj,PXZFb
cuFzk,eomzP,,MNsII,gNpeI,UoOuE,AUFrZ,LWwHC,iQEny,GkThG,biKYO,GbLZz
IqlLj,cukGU,mgkDS,,nyAaK,rTwWc,YEeJw,gELko,vfTsj,gDUEH,PsppH,HYQzV
wbjir,FijDN,fYuvs,KCZNV,QLDmT,PqFNn,PHUrx,xTjlu,zYicU,vZlqE,,PjzAB
qxPEN,BFYpG,,JRMgi,jUdin,RkHpE,cUZqy,mviGp,OdjYa,IUFqc,qgToM,isSkb
YvAML,yifOf,iLIFO,gvVLZ,qtNrE,BrRqq,CHdnF,pIOKc,brhvG,xEtYA,oOAfa,VLxnX
OoNmd,OcomM,UKzRz,THLzK,TVleM,oiXJL,HKMJz,GCyGy,DgAfU,oAduP,aMLJO,vWjhF
sHWNH,AlPsF,QYECI,,QRzhK,cLSOU,lCFmv,GSegn,VmErc,IJVLr,nYHxx,IDoUW
YNaqc,Naxfb,pxOMc,TdyhN,Lvvpu,uuAtE,ruDTg,QoWbG,BDnpQ,qTQxd,lgCdM,
nYAaR,Ylupg,zjhUH,,peHJK,rUtPL,qTvYd,fHqPL,tGdcC,,xwwwa,QyivG
lByMt,pzcok,aZchZ,QjrET,,NQATT,rsxfO,sdixZ,qtlqV,qeclp,Jiyve,UmnmP
ckqDs,wVkbQ,GTFRF,heLpX,FAqLU,dsboV,xwgcc,iaDdy,uVDFX,FCLDV,vXerA,LjZxh
txLjz,GKRME,ThEQm,HawGJ,dWQEU,KHcfc,vBXyw,zGxtQ,ocqNg,EkEVe,,KMHCC
cDaoo,iTHsk,ChHif,eKEWY,JHVgc,RddOz,yKdqU,cORyq,qrxYM,uDQOl,KrNQg,mYjXY
xrUGE,DZlAr,UbDXd,oiBUk,wZhAd,oGyvA,uDeaw,pQpvg,taDON,HDcHr,ebQcT,gmaxQ
SNBFg,SSAfJ,OxtMU,,sFXIc,NCabB,uJwQC,MSBLH,XVnix,dNldT,fXxSi,JOoiO
CxLgi,HGWSH,IeGpp,fiMLM,wRbZU,lREYw,ralZS,hGDcf,qABDB,uzADL,WuxQc,rsKJK
RACVN,pRtog,CMmfJ,FUJoI,UXXqf,WWBUk,rxQUx,YJmRC,CkOpU,cqsbO,WrJDC,Msvfu
KwpUu,lCLvn,,ODgKA,,CDhxA,ifxTB,GTOzv,knxBr,WSyhU,WQgSN,sJGhC
yaEbc,CyfTD,,PBFGm,hTZsN,FTroJ,hGEzP,ahpWa,dXwwl,vpqjy,HOjpr,FCRBl
xNrUf,UBYid,,POWXw,UdxHZ,oYyAK,hFDOV,npEmR,QDEWA,Vzikk,,ABGIe
GRBAb,,Erpcs,sQJmf,alaRD,oLlum,cXkPt,JyPFD,DRdCV,ZWeWK,JgzmF,HnWEE
aBszW,OKIsa,aHBeV,LfVpt,,ZEsIR,TPHaL,UmQIq,hqcve,NrPca,,yfGyj
eKCBd,WhHQg,,dnPrk,,DGZLa,RbxwO,iGysd,iRDMl,rurOQ,lgoXd,bTIaQ
,lzdJs,frSEo,ROGsy,nGOEl,XOrdJ,lprCc,wQtkn,QRksv,WlEAa,nJdND,Cnljy
WXjZV,wVBAo,HBVOK,OXWVT,QtPqf,oAkdl,qoPkS,ppsJi,yelIG,cObhE,,voMtB
yFoyf,ZIlSk,wABWT,dvEZs,QExbr,PpyKD,,nnLvX,,,mTulU,rBYOM
REeok,jpkAs,uBBEn,XzjWl,unzPn,wFvvn,KHUII,xyOXz,AJqPE,PNBsR,,
XlpyC,wdIIW,gAYcD,XYNSk,KxRxY,dgQmb,ZemCQ,ZmtHK,NvGSS,BWAIT,dVzZA,wksQq
lYLVi,,bSGlW,UqmBI,iCgXh,KVzes,XNbue,oaXiK,vuidM,zEHib,IbkwI,CTdwv
eteWm,nKLaU,iqpAK,NGZYZ,vrcED,GrQtt,,WaOaa,,XQTiV,ONaqx,tiYvK
dKcnp,LckbU,,QLHcu,bSYSo,VqqpD,wXphJ,MWBwD,RJdoF,Haeii,YtWLy,yrAuE
ZEaml,sMWZH,,PcduV,ZTmeN,OHMEt,vtcWA,JDjcz,hrmgL,IKYKa,AJHCH,lfGQW
NISEP,,agMIe,ACaRh,NLnWg,,MGpaW,ZbFns,sguXP,xkSCd,WIYga,WbxPI
iopFF,AmxSs,INHly,PmpOC,uvTGJ,INTvD,kFuVc,,OXTss,PfWXU,jgvSn,oPHSn
uYZRc,xZXMQ,vvNrO,jUIMK,KBwup,nlYTH,CPatm,Vjdii,,ChWqO,dURfy,ZPNZb
UUzue,DvwsR,ahRTd,etbMg,WCnTk,ocqTZ,kchuf,CeYSd,cPLok,xVkcB,jKocw,nzMwE
ZhDWq,xYPfG,gBslx,NkJBO,GszCJ,lnxby,qGkAl,FErfx,MRJoH,hiooa,KgIud,GehGP
YqiJk,rHSst,xinVr,kEEcT,rQdda,xPkjv,HEOzp,TkqKd,UcfjI,IcTnl,CftfN,XXrSb
iHXBF,AQOMD,JlJfk,ixZWB,Hlszn,XjLrK,Kzytu,zUsSk,KHSXu,BoKry,,IZlZq
THNBP,peeSN,MXYiH,MbkOj,UOOjW,tmBku,YgVKm,PNMYg,KNBjB,MAhlt,nbfQP,cxeDz
TLEph,VrdKU,PNtTA,wjYXE,vcaPR,jVJMz,qvyJP,cEUIC,sHUJR,yzqDu,vLgya,Qzayr
eYQSz,QVuHf,lnvgb,,yJRqq,TnKUI,kgkeK,,THWUn,tALna,jUUhJ,oUPqY
BeEZU,,LCHyq,XftRC,XDbZA,cTpLc,MdMUY,jIkAQ,OTpLv,CNiMZ,bmRPZ,hRugy
BoOkW,uUHlw,THEEc,fIXpA,,Mqpne,PNksL,JQava,JBdCN,YrNUq,NUgLQ,xGvfx
YuPzE,,eNrvx,BGWfh,hNvMS,YOHvH,UPiTy,QgMBL,BelMg,pmgjD,Krmsj,JbKPJ
yLsiW,Fncmt,eTDeF,rCJWT,lQQBn,qlDLL,BXMeJ,DZZBV,rflGN,IBRfL,EwOgi,cfFMO
UfeWo,urIca,wMoBd,,nNwjY,FISpX,MxFDa,,SjopO,,VrJbS,xkEnb
isICf,DozMl,OjBDz,yibsX,cprTk,HHRyu,,pMiFX,,jlKXq,LXlps,SdEKZ
oHXDo,ZmGEy,lzIZD,jUaww,,FNtLm,iqEBw,,,hqjdo,fTrgF,hifKu
